Round,Variable,T01,T02,T03,T04,T05,T06,T07,T08,T09,T10
R01,Product_Demand,1283,1283,1283,1283,1283,1283,1283,1283,1283,1283
R01,Material_Price,400,400,400,400,400,400,400,400,400,400
R01,General_and_Administrative_Expenses,20000,20000,20000,20000,20000,20000,20000,20000,20000,20000
R01,Selling_Price,749,701,780,750,850,750,720,680,750,710
R01,Production_Order,100,100,100,100,100,100,100,140,100,110
R01,Materials_Procurement,150,120,100,150,120,200,130,140,100,100
R01,Cumulative_Selling_Price,749,701,780,750,850,750,720,680,750,710
R01,Unit_Manufacturing_Cost,100,100,100,100,100,100,100,100,100,100
R01,Materials_Ordered,150,120,100,150,120,200,130,140,100,100
R01,Materials_Delivered,100,100,100,100,100,100,100,100,100,100
R01,Cumulative_Materials_Delivered,100,100,100,100,100,100,100,100,100,100
R01,Procurement_Cost,40000,40000,40000,40000,40000,40000,40000,40000,40000,40000
R01,Max_Production_Quantity,100,100,100,100,100,100,100,100,100,100
R01,Number_of_Production_Order,100,100,100,100,100,100,100,140,100,110
R01,Number_of_Products_in_Process,100,100,100,100,100,100,100,100,100,100
R01,Material_Inventory,0,0,0,0,0,0,0,0,0,0
R01,Number_of_Products_Produced,100,100,100,100,100,100,100,100,100,100
R01,Cumulative_Number_of_Products_Produced,100,100,100,100,100,100,100,100,100,100
R01,Production_Cost,10000,10000,10000,10000,10000,10000,10000,10000,10000,10000
R01,Number_of_Products_Ready_for_Sale,100,100,100,100,100,100,100,100,100,100
R01,Customer_Visited,123,150,109,123,84,123,139,165,123,145
R01,Cumulative_Customer_Visited,123,150,109,123,84,123,139,165,123,145
R01,Number_of_Sales,100,100,100,100,84,100,100,100,100,100
R01,Cumulative_Number_of_Sales,100,100,100,100,84,100,100,100,100,100
R01,Product_Shortage,23,50,9,23,0,23,39,65,23,45
R01,Cumulative_Product_Shortage,-23,-50,-9,-23,0,-23,-39,-65,-23,-45
R01,Shortage_Cost,5727,10050,2520,5750,0,5750,8580,11700,5750,9450
R01,Cumulative_Shortage_Cost,-5727,-10050,-2520,-5750,0,-5750,-8580,-11700,-5750,-9450
R01,Product_Inventory,0,0,0,0,0,0,0,0,0,0
R01,Product_Disposed,0,0,0,0,16,0,0,0,0,0
R01,Cumulative_Product_Disposed,0,0,0,0,-16,0,0,0,0,0
R01,Cumulative_Disposal_Loss,0,0,0,0,-8000,0,0,0,0,0
R01,Sales,74900,70100,78000,75000,71400,75000,72000,68000,75000,71000
R01,Cumulative_Sales,74900,70100,78000,75000,71400,75000,72000,68000,75000,71000
R01,Debt,0,0,0,0,0,0,0,0,0,0
R01,Interest_Expense,0,0,0,0,0,0,0,0,0,0
R01,Cash_Flow,4900,100,8000,5000,1400,5000,2000,-2000,5000,1000
R01,Cumulative_Cash_Flow,4900,100,8000,5000,1400,5000,2000,-2000,5000,1000
R01,Cash,204900,200100,208000,205000,201400,205000,202000,198000,205000,201000
R01,Material_Inventory_Assets,0,0,0,0,0,0,0,0,0,0
R01,Product_in_Process_Assets,50000,50000,50000,50000,50000,50000,50000,50000,50000,50000
R01,Inventory_Assets,50000,50000,50000,50000,50000,50000,50000,50000,50000,50000
R01,Fixed_Assets,250000,250000,250000,250000,250000,250000,250000,250000,250000,250000
R01,Assets,504900,500100,508000,505000,501400,505000,502000,498000,505000,501000
R01,Cost_of_Product_Manufactured,50000,50000,50000,50000,50000,50000,50000,50000,50000,50000
R01,Gross_Profit,24900,20100,28000,25000,21400,25000,22000,18000,25000,21000
R01,Operating_Profit,4900,100,8000,5000,1400,5000,2000,-2000,5000,1000
R01,Ordinary_Profit,4900,100,8000,5000,1400,5000,2000,-2000,5000,1000
R01,Current_Liabilities,0,0,0,0,0,0,0,0,0,0
R01,Retained_Earnings,4900,100,8000,5000,1400,5000,2000,-2000,5000,1000
R01,Capital_Stock,500000,500000,500000,500000,500000,500000,500000,500000,500000,500000
R01,Liabilities_and_Owners_Equity,504900,500100,508000,505000,501400,505000,502000,498000,505000,501000
R02,Product_Demand,1297,1297,1297,1297,1297,1297,1297,1297,1297,1297
R02,Material_Price,400,400,400,400,400,400,400,400,400,400
R02,General_and_Administrative_Expenses,20000,20000,20000,20000,20000,20000,20000,20000,20000,20000
R02,Selling_Price,759,710,770,735,800,725,750,700,770,730
R02,Production_Order,120,120,100,125,105,150,130,150,100,100
R02,Materials_Procurement,130,150,100,150,100,150,120,120,110,100
R02,Cumulative_Selling_Price,1508,1411,1550,1485,1650,1475,1470,1380,1520,1440
R02,Unit_Manufacturing_Cost,100,100,100,100,100,100,100,100,100,100
R02,Materials_Ordered,130,150,100,150,100,150,120,120,110,100
R02,Materials_Delivered,150,120,100,150,120,200,130,140,100,100
R02,Cumulative_Materials_Delivered,250,220,200,250,220,300,230,240,200,200
R02,Procurement_Cost,60000,48000,40000,60000,48000,80000,52000,56000,40000,40000
R02,Max_Production_Quantity,150,120,100,150,120,200,130,140,100,100
R02,Number_of_Production_Order,120,120,100,125,105,150,130,150,100,100
R02,Number_of_Products_in_Process,120,120,100,125,105,150,130,140,100,100
R02,Material_Inventory,30,0,0,25,15,50,0,0,0,0
R02,Number_of_Products_Produced,100,100,100,100,100,100,100,100,100,100
R02,Cumulative_Number_of_Products_Produced,200,200,200,200,200,200,200,200,200,200
R02,Production_Cost,12000,12000,10000,12500,10500,15000,13000,14000,10000,10000
R02,Number_of_Products_Ready_for_Sale,100,100,100,100,100,100,100,100,100,100
R02,Customer_Visited,110,123,112,122,104,128,106,122,105,114
R02,Cumulative_Customer_Visited,233,273,221,245,188,251,245,287,228,259
R02,Number_of_Sales,100,100,100,100,100,100,100,100,100,100
R02,Cumulative_Number_of_Sales,200,200,200,200,184,200,200,200,200,200
R02,Product_Shortage,10,23,12,22,4,28,6,22,5,14
R02,Cumulative_Product_Shortage,-33,-73,-21,-45,-4,-51,-45,-87,-28,-59
R02,Shortage_Cost,2590,4830,3240,5170,1200,6300,1500,4400,1350,3220
R02,Cumulative_Shortage_Cost,-8317,-14880,-5760,-10920,-1200,-12050,-10080,-16100,-7100,-12670
R02,Product_Inventory,0,0,0,0,0,0,0,0,0,0
R02,Product_Disposed,0,0,0,0,0,0,0,0,0,0
R02,Cumulative_Product_Disposed,0,0,0,0,-16,0,0,0,0,0
R02,Cumulative_Disposal_Loss,0,0,0,0,-8000,0,0,0,0,0
R02,Sales,75900,71000,77000,73500,80000,72500,75000,70000,77000,73000
R02,Cumulative_Sales,150800,141100,155000,148500,151400,147500,147000,138000,152000,144000
R02,Debt,0,0,0,0,0,0,0,0,0,0
R02,Interest_Expense,0,0,0,0,0,0,0,0,0,0
R02,Cash_Flow,-16100,-9000,7000,-19000,1500,-42500,-10000,-20000,7000,3000
R02,Cumulative_Cash_Flow,-11200,-8900,15000,-14000,2900,-37500,-8000,-22000,12000,4000
R02,Cash,188800,191100,215000,186000,202900,162500,192000,178000,212000,204000
R02,Material_Inventory_Assets,12000,0,0,10000,6000,20000,0,0,0,0
R02,Product_in_Process_Assets,60000,60000,50000,62500,52500,75000,65000,70000,50000,50000
R02,Inventory_Assets,72000,60000,50000,72500,58500,95000,65000,70000,50000,50000
R02,Fixed_Assets,250000,250000,250000,250000,250000,250000,250000,250000,250000,250000
R02,Assets,510800,501100,515000,508500,511400,507500,507000,498000,512000,504000
R02,Cost_of_Product_Manufactured,50000,50000,50000,50000,50000,50000,50000,50000,50000,50000
R02,Gross_Profit,25900,21000,27000,23500,30000,22500,25000,20000,27000,23000
R02,Operating_Profit,5900,1000,7000,3500,10000,2500,5000,0,7000,3000
R02,Ordinary_Profit,5900,1000,7000,3500,10000,2500,5000,0,7000,3000
R02,Current_Liabilities,0,0,0,0,0,0,0,0,0,0
R02,Retained_Earnings,10800,1100,15000,8500,11400,7500,7000,-2000,12000,4000
R02,Capital_Stock,500000,500000,500000,500000,500000,500000,500000,500000,500000,500000
R02,Liabilities_and_Owners_Equity,510800,501100,515000,508500,511400,507500,507000,498000,512000,504000
R03,Product_Demand,1325,1325,1325,1325,1325,1325,1325,1325,1325,1325
R03,Material_Price,400,400,400,400,400,400,400,400,400,400
R03,General_and_Administrative_Expenses,20000,20000,20000,20000,20000,20000,20000,20000,20000,20000
R03,Selling_Price,729,709,790,720,800,690,720,710,779,735
R03,Production_Order,120,150,100,140,105,140,120,100,110,110
R03,Materials_Procurement,150,150,100,150,100,100,130,100,110,100
R03,Cumulative_Selling_Price,2237,2120,2340,2205,2450,2165,2190,2090,2299,2175
R03,Unit_Manufacturing_Cost,100,100,100,100,100,100,100,100,100,100
R03,Materials_Ordered,150,150,100,150,100,100,130,100,110,100
R03,Materials_Delivered,130,150,100,150,100,150,120,120,110,100
R03,Cumulative_Materials_Delivered,380,370,300,400,320,450,350,360,310,300
R03,Procurement_Cost,52000,60000,40000,60000,40000,60000,48000,48000,44000,40000
R03,Max_Production_Quantity,160,150,100,175,115,200,120,120,110,100
R03,Number_of_Production_Order,120,150,100,140,105,140,120,100,110,110
R03,Number_of_Products_in_Process,120,150,100,140,105,140,120,100,110,100
R03,Material_Inventory,40,0,0,35,10,60,0,20,0,0
R03,Number_of_Products_Produced,120,120,100,125,105,150,130,140,100,100
R03,Cumulative_Number_of_Products_Produced,320,320,300,325,305,350,330,340,300,300
R03,Production_Cost,12000,15000,10000,14000,10500,14000,12000,10000,11000,10000
R03,Number_of_Products_Ready_for_Sale,120,120,100,125,105,150,130,140,100,100
R03,Customer_Visited,131,136,101,130,101,146,138,136,109,125
R03,Cumulative_Customer_Visited,364,409,322,375,289,397,383,423,337,384
R03,Number_of_Sales,120,120,100,125,101,146,130,136,100,100
R03,Cumulative_Number_of_Sales,320,320,300,325,285,346,330,336,300,300
R03,Product_Shortage,11,16,1,5,0,0,8,0,9,25
R03,Cumulative_Product_Shortage,-44,-89,-22,-50,-4,-51,-53,-87,-37,-84
R03,Shortage_Cost,2519,3344,290,1100,0,0,1760,0,2511,5875
R03,Cumulative_Shortage_Cost,-10836,-18224,-6050,-12020,-1200,-12050,-11840,-16100,-9611,-18545
R03,Product_Inventory,0,0,0,0,0,0,0,0,0,0
R03,Product_Disposed,0,0,0,0,4,4,0,4,0,0
R03,Cumulative_Product_Disposed,0,0,0,0,-20,-4,0,-4,0,0
R03,Cumulative_Disposal_Loss,0,0,0,0,-10000,-2000,0,-2000,0,0
R03,Sales,87480,85080,79000,90000,80800,100740,93600,96560,77900,73500
R03,Cumulative_Sales,238280,226180,234000,238500,232200,248240,240600,234560,229900,217500
R03,Debt,0,0,0,0,0,0,0,0,0,0
R03,Interest_Expense,0,0,0,0,0,0,0,0,0,0
R03,Cash_Flow,3480,-9920,9000,-4000,10300,6740,13600,18560,2900,3500
R03,Cumulative_Cash_Flow,-7720,-18820,24000,-18000,13200,-30760,5600,-3440,14900,7500
R03,Cash,192280,181180,224000,182000,213200,169240,205600,196560,214900,207500
R03,Material_Inventory_Assets,16000,0,0,14000,4000,24000,0,8000,0,0
R03,Product_in_Process_Assets,60000,75000,50000,70000,52500,70000,60000,50000,55000,50000
R03,Inventory_Assets,76000,75000,50000,84000,56500,94000,60000,58000,55000,50000
R03,Fixed_Assets,250000,250000,250000,250000,250000,250000,250000,250000,250000,250000
R03,Assets,518280,506180,524000,516000,519700,513240,515600,504560,519900,507500
R03,Cost_of_Product_Manufactured,60000,60000,50000,62500,52500,75000,65000,70000,50000,50000
R03,Gross_Profit,27480,25080,29000,27500,28300,25740,28600,26560,27900,23500
R03,Operating_Profit,7480,5080,9000,7500,8300,5740,8600,6560,7900,3500
R03,Ordinary_Profit,7480,5080,9000,7500,8300,5740,8600,6560,7900,3500
R03,Current_Liabilities,0,0,0,0,0,0,0,0,0,0
R03,Retained_Earnings,18280,6180,24000,16000,19700,13240,15600,4560,19900,7500
R03,Capital_Stock,500000,500000,500000,500000,500000,500000,500000,500000,500000,500000
R03,Liabilities_and_Owners_Equity,518280,506180,524000,516000,519700,513240,515600,504560,519900,507500
R04,Product_Demand,1350,1350,1350,1350,1350,1350,1350,1350,1350,1350
R04,Material_Price,400,400,400,400,400,400,400,400,400,400
R04,General_and_Administrative_Expenses,20000,20000,20000,20000,20000,20000,20000,20000,20000,20000
R04,Selling_Price,729,707,795,705,795,720,729,730,780,750
R04,Production_Order,130,150,100,155,105,120,130,120,110,100
R04,Materials_Procurement,130,150,100,170,100,120,140,100,110,120
R04,Cumulative_Selling_Price,2966,2827,3135,2910,3245,2885,2919,2820,3079,2925
R04,Unit_Manufacturing_Cost,100,100,100,100,100,100,100,100,100,100
R04,Materials_Ordered,130,150,100,170,100,120,140,100,110,120
R04,Materials_Delivered,150,150,100,150,100,100,130,100,110,100
R04,Cumulative_Materials_Delivered,530,520,400,550,420,550,480,460,420,400
R04,Procurement_Cost,60000,60000,40000,60000,40000,40000,52000,40000,44000,40000
R04,Max_Production_Quantity,190,150,100,185,110,160,130,120,110,100
R04,Number_of_Production_Order,130,150,100,155,105,120,130,120,110,100
R04,Number_of_Products_in_Process,130,150,100,155,105,120,130,120,110,100
R04,Material_Inventory,60,0,0,30,5,40,0,0,0,0
R04,Number_of_Products_Produced,120,150,100,140,105,140,120,100,110,100
R04,Cumulative_Number_of_Products_Produced,440,470,400,465,410,490,450,440,410,400
R04,Production_Cost,13000,15000,10000,15500,10500,12000,13000,12000,11000,10000
R04,Number_of_Products_Ready_for_Sale,120,150,100,140,105,140,120,100,110,100
R04,Customer_Visited,136,148,109,154,109,147,138,141,111,118
R04,Cumulative_Customer_Visited,500,557,431,529,398,544,521,564,448,502
R04,Number_of_Sales,120,148,100,140,105,140,120,100,110,100
R04,Cumulative_Number_of_Sales,440,468,400,465,390,486,450,436,410,400
R04,Product_Shortage,16,0,9,14,4,7,18,41,1,18
R04,Cumulative_Product_Shortage,-60,-89,-31,-64,-8,-58,-71,-128,-38,-102
R04,Shortage_Cost,3664,0,2655,2870,1180,1540,4122,9430,280,4500
R04,Cumulative_Shortage_Cost,-14500,-18224,-8705,-14890,-2380,-13590,-15962,-25530,-9891,-23045
R04,Product_Inventory,0,0,0,0,0,0,0,0,0,0
R04,Product_Disposed,0,2,0,0,0,0,0,0,0,0
R04,Cumulative_Product_Disposed,0,-2,0,0,-20,-4,0,-4,0,0
R04,Cumulative_Disposal_Loss,0,-1000,0,0,-10000,-2000,0,-2000,0,0
R04,Sales,87480,104636,79500,98700,83475,100800,87480,73000,85800,75000
R04,Cumulative_Sales,325760,330816,313500,337200,315675,349040,328080,307560,315700,292500
R04,Debt,0,0,0,0,0,0,0,0,0,0
R04,Interest_Expense,0,0,0,0,0,0,0,0,0,0
R04,Cash_Flow,-5520,9636,9500,3200,12975,28800,2480,1000,10800,5000
R04,Cumulative_Cash_Flow,-13240,-9184,33500,-14800,26175,-1960,8080,-2440,25700,12500
R04,Cash,186760,190816,233500,185200,226175,198040,208080,197560,225700,212500
R04,Material_Inventory_Assets,24000,0,0,12000,2000,16000,0,0,0,0
R04,Product_in_Process_Assets,65000,75000,50000,77500,52500,60000,65000,60000,55000,50000
R04,Inventory_Assets,89000,75000,50000,89500,54500,76000,65000,60000,55000,50000
R04,Fixed_Assets,250000,250000,250000,250000,250000,250000,250000,250000,250000,250000
R04,Assets,525760,515816,533500,524700,530675,524040,523080,507560,530700,512500
R04,Cost_of_Product_Manufactured,60000,75000,50000,70000,52500,70000,60000,50000,55000,50000
R04,Gross_Profit,27480,29636,29500,28700,30975,30800,27480,23000,30800,25000
R04,Operating_Profit,7480,9636,9500,8700,10975,10800,7480,3000,10800,5000
R04,Ordinary_Profit,7480,9636,9500,8700,10975,10800,7480,3000,10800,5000
R04,Current_Liabilities,0,0,0,0,0,0,0,0,0,0
R04,Retained_Earnings,25760,15816,33500,24700,30675,24040,23080,7560,30700,12500
R04,Capital_Stock,500000,500000,500000,500000,500000,500000,500000,500000,500000,500000
R04,Liabilities_and_Owners_Equity,525760,515816,533500,524700,530675,524040,523080,507560,530700,512500
R05,Product_Demand,1369,1369,1369,1369,1369,1369,1369,1369,1369,1369
R05,Material_Price,400,400,400,400,400,400,400,400,400,400
R05,General_and_Administrative_Expenses,20000,20000,20000,20000,20000,20000,20000,20000,20000,20000
R05,Selling_Price,729,707,805,690,796,770,730,735,790,770
R05,Production_Order,130,150,100,170,105,140,140,130,110,120
R05,Materials_Procurement,130,150,100,190,120,150,135,110,120,130
R05,Cumulative_Selling_Price,3695,3534,3940,3600,4041,3655,3649,3555,3869,3695
R05,Unit_Manufacturing_Cost,100,100,100,100,100,100,100,100,100,100
R05,Materials_Ordered,130,150,100,190,120,150,135,110,120,130
R05,Materials_Delivered,130,150,100,170,100,120,140,100,110,120
R05,Cumulative_Materials_Delivered,660,670,500,720,520,670,620,560,530,520
R05,Procurement_Cost,52000,60000,40000,68000,40000,48000,56000,40000,44000,48000
R05,Max_Production_Quantity,190,150,100,200,105,160,140,100,110,120
R05,Number_of_Production_Order,130,150,100,170,105,140,140,130,110,120
R05,Number_of_Products_in_Process,130,150,100,170,105,140,140,100,110,120
R05,Material_Inventory,60,0,0,30,0,20,0,0,0,0
R05,Number_of_Products_Produced,130,150,100,155,105,120,130,120,110,100
R05,Cumulative_Number_of_Products_Produced,570,620,500,620,515,610,580,560,520,500
R05,Production_Cost,13000,15000,10000,17000,10500,14000,14000,10000,11000,12000
R05,Number_of_Products_Ready_for_Sale,130,150,100,155,105,120,130,120,110,100
R05,Customer_Visited,140,162,106,168,112,122,139,124,116,117
R05,Cumulative_Customer_Visited,640,719,537,697,510,666,660,688,564,619
R05,Number_of_Sales,130,150,100,155,105,120,130,120,110,100
R05,Cumulative_Number_of_Sales,570,618,500,620,495,606,580,556,520,500
R05,Product_Shortage,10,12,6,13,7,2,9,4,6,17
R05,Cumulative_Product_Shortage,-70,-101,-37,-77,-15,-60,-80,-132,-44,-119
R05,Shortage_Cost,2290,2484,1830,2470,2072,540,2070,940,1740,4590
R05,Cumulative_Shortage_Cost,-16790,-20708,-10535,-17360,-4452,-14130,-18032,-26470,-11631,-27635
R05,Product_Inventory,0,0,0,0,0,0,0,0,0,0
R05,Product_Disposed,0,0,0,0,0,0,0,0,0,0
R05,Cumulative_Product_Disposed,0,-2,0,0,-20,-4,0,-4,0,0
R05,Cumulative_Disposal_Loss,0,-1000,0,0,-10000,-2000,0,-2000,0,0
R05,Sales,94770,106050,80500,106950,83580,92400,94900,88200,86900,77000
R05,Cumulative_Sales,420530,436866,394000,444150,399255,441440,422980,395760,402600,369500
R05,Debt,0,0,0,0,0,0,0,0,0,0
R05,Interest_Expense,0,0,0,0,0,0,0,0,0,0
R05,Cash_Flow,9770,11050,10500,1950,13080,10400,4900,18200,11900,-3000
R05,Cumulative_Cash_Flow,-3470,1866,44000,-12850,39255,8440,12980,15760,37600,9500
R05,Cash,196530,201866,244000,187150,239255,208440,212980,215760,237600,209500
R05,Material_Inventory_Assets,24000,0,0,12000,0,8000,0,0,0,0
R05,Product_in_Process_Assets,65000,75000,50000,85000,52500,70000,70000,50000,55000,60000
R05,Inventory_Assets,89000,75000,50000,97000,52500,78000,70000,50000,55000,60000
R05,Fixed_Assets,250000,250000,250000,250000,250000,250000,250000,250000,250000,250000
R05,Assets,535530,526866,544000,534150,541755,536440,532980,515760,542600,519500
R05,Cost_of_Product_Manufactured,65000,75000,50000,77500,52500,60000,65000,60000,55000,50000
R05,Gross_Profit,29770,31050,30500,29450,31080,32400,29900,28200,31900,27000
R05,Operating_Profit,9770,11050,10500,9450,11080,12400,9900,8200,11900,7000
R05,Ordinary_Profit,9770,11050,10500,9450,11080,12400,9900,8200,11900,7000
R05,Current_Liabilities,0,0,0,0,0,0,0,0,0,0
R05,Retained_Earnings,35530,26866,44000,34150,41755,36440,32980,15760,42600,19500
R05,Capital_Stock,500000,500000,500000,500000,500000,500000,500000,500000,500000,500000
R05,Liabilities_and_Owners_Equity,535530,526866,544000,534150,541755,536440,532980,515760,542600,519500
R06,Product_Demand,1379,1379,1379,1379,1379,1379,1379,1379,1379,1379
R06,Material_Price,400,400,400,400,400,400,400,400,400,400
R06,General_and_Administrative_Expenses,20000,20000,20000,20000,20000,20000,20000,20000,20000,20000
R06,Selling_Price,729,708,810,690,800,749,730,740,787,790
R06,Production_Order,140,150,100,190,110,150,135,120,120,130
R06,Materials_Procurement,140,160,105,220,110,150,127,120,120,100
R06,Cumulative_Selling_Price,4424,4242,4750,4290,4841,4404,4379,4295,4656,4485
R06,Unit_Manufacturing_Cost,100,100,100,100,100,100,100,100,100,100
R06,Materials_Ordered,140,160,105,220,110,150,127,120,120,100
R06,Materials_Delivered,130,150,100,190,120,150,135,110,120,130
R06,Cumulative_Materials_Delivered,790,820,600,910,640,820,755,670,650,650
R06,Procurement_Cost,52000,60000,40000,76000,48000,60000,54000,44000,48000,52000
R06,Max_Production_Quantity,190,150,100,220,120,170,135,110,120,130
R06,Number_of_Production_Order,140,150,100,190,110,150,135,120,120,130
R06,Number_of_Products_in_Process,140,150,100,190,110,150,135,110,120,130
R06,Material_Inventory,50,0,0,30,10,20,0,0,0,0
R06,Number_of_Products_Produced,130,150,100,170,105,140,140,100,110,120
R06,Cumulative_Number_of_Products_Produced,700,770,600,790,620,750,720,660,630,620
R06,Production_Cost,14000,15000,10000,19000,11000,15000,13500,11000,12000,13000
R06,Number_of_Products_Ready_for_Sale,130,150,100,170,105,140,140,100,110,120
R06,Customer_Visited,145,157,106,170,110,137,145,141,116,109
R06,Cumulative_Customer_Visited,785,876,643,867,620,803,805,829,680,728
R06,Number_of_Sales,130,150,100,170,105,137,140,100,110,109
R06,Cumulative_Number_of_Sales,700,768,600,790,600,743,720,656,630,609
R06,Product_Shortage,15,7,6,0,5,0,5,41,6,0
R06,Cumulative_Product_Shortage,-85,-108,-43,-77,-20,-60,-85,-173,-50,-119
R06,Shortage_Cost,3435,1456,1860,0,1500,0,1150,9840,1722,0
R06,Cumulative_Shortage_Cost,-20225,-22164,-12395,-17360,-5952,-14130,-19182,-36310,-13353,-27635
R06,Product_Inventory,0,0,0,0,0,0,0,0,0,0
R06,Product_Disposed,0,0,0,0,0,3,0,0,0,11
R06,Cumulative_Product_Disposed,0,-2,0,0,-20,-7,0,-4,0,-11
R06,Cumulative_Disposal_Loss,0,-1000,0,0,-10000,-3500,0,-2000,0,-5500
R06,Sales,94770,106200,81000,117300,84000,102613,102200,74000,86570,86110
R06,Cumulative_Sales,515300,543066,475000,561450,483255,544053,525180,469760,489170,455610
R06,Debt,0,0,0,0,0,0,0,0,0,0
R06,Interest_Expense,0,0,0,0,0,0,0,0,0,0
R06,Cash_Flow,8770,11200,11000,2300,5000,7613,14700,-1000,6570,1110
R06,Cumulative_Cash_Flow,5300,13066,55000,-10550,44255,16053,27680,14760,44170,10610
R06,Cash,205300,213066,255000,189450,244255,216053,227680,214760,244170,210610
R06,Material_Inventory_Assets,20000,0,0,12000,4000,8000,0,0,0,0
R06,Product_in_Process_Assets,70000,75000,50000,95000,55000,75000,67500,55000,60000,65000
R06,Inventory_Assets,90000,75000,50000,107000,59000,83000,67500,55000,60000,65000
R06,Fixed_Assets,250000,250000,250000,250000,250000,250000,250000,250000,250000,250000
R06,Assets,545300,538066,555000,546450,553255,549053,545180,519760,554170,525610
R06,Cost_of_Product_Manufactured,65000,75000,50000,85000,52500,70000,70000,50000,55000,60000
R06,Gross_Profit,29770,31200,31000,32300,31500,32613,32200,24000,31570,26110
R06,Operating_Profit,9770,11200,11000,12300,11500,12613,12200,4000,11570,6110
R06,Ordinary_Profit,9770,11200,11000,12300,11500,12613,12200,4000,11570,6110
R06,Current_Liabilities,0,0,0,0,0,0,0,0,0,0
R06,Retained_Earnings,45300,38066,55000,46450,53255,49053,45180,19760,54170,25610
R06,Capital_Stock,500000,500000,500000,500000,500000,500000,500000,500000,500000,500000
R06,Liabilities_and_Owners_Equity,545300,538066,555000,546450,553255,549053,545180,519760,554170,525610
R07,Product_Demand,1392,1392,1392,1392,1392,1392,1392,1392,1392,1392
R07,Material_Price,400,400,400,400,400,400,400,400,400,400
R07,General_and_Administrative_Expenses,20000,20000,20000,20000,20000,20000,20000,20000,20000,20000
R07,Selling_Price,729,710,810,690,801,745,730,770,780,790
R07,Production_Order,145,160,105,175,105,120,137,120,120,100
R07,Materials_Procurement,145,170,105,175,100,100,140,140,120,110
R07,Cumulative_Selling_Price,5153,4952,5560,4980,5642,5149,5109,5065,5436,5275
R07,Unit_Manufacturing_Cost,100,100,100,100,100,100,100,100,100,100
R07,Materials_Ordered,145,170,105,175,100,100,140,140,120,110
R07,Materials_Delivered,140,160,105,220,110,150,127,120,120,100
R07,Cumulative_Materials_Delivered,930,980,705,1130,750,970,882,790,770,750
R07,Procurement_Cost,56000,64000,42000,88000,44000,60000,50800,48000,48000,40000
R07,Max_Production_Quantity,190,160,105,250,120,170,127,120,120,100
R07,Number_of_Production_Order,145,160,105,175,105,120,137,120,120,100
R07,Number_of_Products_in_Process,145,160,105,175,105,120,127,120,120,100
R07,Material_Inventory,45,0,0,75,15,50,0,0,0,0
R07,Number_of_Products_Produced,140,150,100,190,110,150,135,110,120,130
R07,Cumulative_Number_of_Products_Produced,840,920,700,980,730,900,855,770,750,750
R07,Production_Cost,14500,16000,10500,17500,10500,12000,12700,12000,12000,10000
R07,Number_of_Products_Ready_for_Sale,140,150,100,190,110,150,135,110,120,130
R07,Customer_Visited,145,162,108,180,112,143,149,109,121,120
R07,Cumulative_Customer_Visited,930,1038,751,1047,732,946,954,938,801,848
R07,Number_of_Sales,140,150,100,180,110,143,135,109,120,120
R07,Cumulative_Number_of_Sales,840,918,700,970,710,886,855,765,750,729
R07,Product_Shortage,5,12,8,0,2,0,14,0,1,0
R07,Cumulative_Product_Shortage,-90,-120,-51,-77,-22,-60,-99,-173,-51,-119
R07,Shortage_Cost,1145,2520,2480,0,602,0,3220,0,280,0
R07,Cumulative_Shortage_Cost,-21370,-24684,-14875,-17360,-6554,-14130,-22402,-36310,-13633,-27635
R07,Product_Inventory,0,0,0,0,0,0,0,0,0,0
R07,Product_Disposed,0,0,0,10,0,7,0,1,0,10
R07,Cumulative_Product_Disposed,0,-2,0,-10,-20,-14,0,-5,0,-21
R07,Cumulative_Disposal_Loss,0,-1000,0,-5000,-10000,-7000,0,-2500,0,-10500
R07,Sales,102060,106500,81000,124200,88110,106535,98550,83930,93600,94800
R07,Cumulative_Sales,617360,649566,556000,685650,571365,650588,623730,553690,582770,550410
R07,Debt,0,0,0,0,0,0,0,0,0,0
R07,Interest_Expense,0,0,0,0,0,0,0,0,0,0
R07,Cash_Flow,11560,6500,8500,-1300,13610,14535,15050,3930,13600,24800
R07,Cumulative_Cash_Flow,16860,19566,63500,-11850,57865,30588,42730,18690,57770,35410
R07,Cash,216860,219566,263500,188150,257865,230588,242730,218690,257770,235410
R07,Material_Inventory_Assets,18000,0,0,30000,6000,20000,0,0,0,0
R07,Product_in_Process_Assets,72500,80000,52500,87500,52500,60000,63500,60000,60000,50000
R07,Inventory_Assets,90500,80000,52500,117500,58500,80000,63500,60000,60000,50000
R07,Fixed_Assets,250000,250000,250000,250000,250000,250000,250000,250000,250000,250000
R07,Assets,557360,549566,566000,555650,566365,560588,556230,528690,567770,535410
R07,Cost_of_Product_Manufactured,70000,75000,50000,95000,55000,75000,67500,55000,60000,65000
R07,Gross_Profit,32060,31500,31000,29200,33110,31535,31050,28930,33600,29800
R07,Operating_Profit,12060,11500,11000,9200,13110,11535,11050,8930,13600,9800
R07,Ordinary_Profit,12060,11500,11000,9200,13110,11535,11050,8930,13600,9800
R07,Current_Liabilities,0,0,0,0,0,0,0,0,0,0
R07,Retained_Earnings,57360,49566,66000,55650,66365,60588,56230,28690,67770,35410
R07,Capital_Stock,500000,500000,500000,500000,500000,500000,500000,500000,500000,500000
R07,Liabilities_and_Owners_Equity,557360,549566,566000,555650,566365,560588,556230,528690,567770,535410
R08,Product_Demand,1394,1394,1394,1394,1394,1394,1394,1394,1394,1394
R08,Material_Price,400,400,400,400,400,400,400,400,400,400
R08,General_and_Administrative_Expenses,20000,20000,20000,20000,20000,20000,20000,20000,20000,20000
R08,Selling_Price,729,709,815,700,805,795,755,780,780,800
R08,Production_Order,145,170,105,150,110,140,140,115,120,110
R08,Materials_Procurement,145,170,105,150,110,130,145,100,130,120
R08,Cumulative_Selling_Price,5882,5661,6375,5680,6447,5944,5864,5845,6216,6075
R08,Unit_Manufacturing_Cost,100,100,100,100,100,100,100,100,100,100
R08,Materials_Ordered,145,170,105,150,110,130,145,100,130,120
R08,Materials_Delivered,145,170,105,175,100,100,140,140,120,110
R08,Cumulative_Materials_Delivered,1075,1150,810,1305,850,1070,1022,930,890,860
R08,Procurement_Cost,58000,68000,42000,70000,40000,40000,56000,56000,48000,44000
R08,Max_Production_Quantity,190,170,105,250,115,150,140,140,120,110
R08,Number_of_Production_Order,145,170,105,150,110,140,140,115,120,110
R08,Number_of_Products_in_Process,145,170,105,150,110,140,140,115,120,110
R08,Material_Inventory,45,0,0,100,5,10,0,25,0,0
R08,Number_of_Products_Produced,145,160,105,175,105,120,127,120,120,100
R08,Cumulative_Number_of_Products_Produced,985,1080,805,1155,835,1020,982,890,870,850
R08,Production_Cost,14500,17000,10500,15000,11000,14000,14000,11500,12000,11000
R08,Number_of_Products_Ready_for_Sale,145,160,105,175,105,120,127,120,120,100
R08,Customer_Visited,157,167,110,180,118,123,137,130,130,121
R08,Cumulative_Customer_Visited,1087,1205,861,1227,850,1069,1091,1068,931,969
R08,Number_of_Sales,145,160,105,175,105,120,127,120,120,100
R08,Cumulative_Number_of_Sales,985,1078,805,1145,815,1006,982,885,870,829
R08,Product_Shortage,12,7,5,5,13,3,10,10,10,21
R08,Cumulative_Product_Shortage,-102,-127,-56,-82,-35,-63,-109,-183,-61,-140
R08,Shortage_Cost,2748,1463,1575,1000,3965,885,2550,2800,2800,6300
R08,Cumulative_Shortage_Cost,-24118,-26147,-16450,-18360,-10519,-15015,-24952,-39110,-16433,-33935
R08,Product_Inventory,0,0,0,0,0,0,0,0,0,0
R08,Product_Disposed,0,0,0,0,0,0,0,0,0,0
R08,Cumulative_Product_Disposed,0,-2,0,-10,-20,-14,0,-5,0,-21
R08,Cumulative_Disposal_Loss,0,-1000,0,-5000,-10000,-7000,0,-2500,0,-10500
R08,Sales,105705,113440,85575,122500,84525,95400,95885,93600,93600,80000
R08,Cumulative_Sales,723065,763006,641575,808150,655890,745988,719615,647290,676370,630410
R08,Debt,0,0,0,0,0,0,0,0,0,0
R08,Interest_Expense,0,0,0,0,0,0,0,0,0,0
R08,Cash_Flow,13205,8440,13075,17500,13525,21400,5885,6100,13600,5000
R08,Cumulative_Cash_Flow,30065,28006,76575,5650,71390,51988,48615,24790,71370,40410
R08,Cash,230065,228006,276575,205650,271390,251988,248615,224790,271370,240410
R08,Material_Inventory_Assets,18000,0,0,40000,2000,4000,0,10000,0,0
R08,Product_in_Process_Assets,72500,85000,52500,75000,55000,70000,70000,57500,60000,55000
R08,Inventory_Assets,90500,85000,52500,115000,57000,74000,70000,67500,60000,55000
R08,Fixed_Assets,250000,250000,250000,250000,250000,250000,250000,250000,250000,250000
R08,Assets,570565,563006,579075,570650,578390,575988,568615,542290,581370,545410
R08,Cost_of_Product_Manufactured,72500,80000,52500,87500,52500,60000,63500,60000,60000,50000
R08,Gross_Profit,33205,33440,33075,35000,32025,35400,32385,33600,33600,30000
R08,Operating_Profit,13205,13440,13075,15000,12025,15400,12385,13600,13600,10000
R08,Ordinary_Profit,13205,13440,13075,15000,12025,15400,12385,13600,13600,10000
R08,Current_Liabilities,0,0,0,0,0,0,0,0,0,0
R08,Retained_Earnings,70565,63006,79075,70650,78390,75988,68615,42290,81370,45410
R08,Capital_Stock,500000,500000,500000,500000,500000,500000,500000,500000,500000,500000
R08,Liabilities_and_Owners_Equity,570565,563006,579075,570650,578390,575988,568615,542290,581370,545410
R09,Product_Demand,1406,1406,1406,1406,1406,1406,1406,1406,1406,1406
R09,Material_Price,400,400,400,400,400,400,400,400,400,400
R09,General_and_Administrative_Expenses,20000,20000,20000,20000,20000,20000,20000,20000,20000,20000
R09,Selling_Price,729,711,825,705,808,780,755,800,790,799
R09,Production_Order,155,170,105,175,115,130,145,110,130,100
R09,Materials_Procurement,125,170,105,200,120,150,148,85,130,120
R09,Cumulative_Selling_Price,6611,6372,7200,6385,7255,6724,6619,6645,7006,6874
R09,Unit_Manufacturing_Cost,100,100,100,100,100,100,100,100,100,100
R09,Materials_Ordered,125,170,105,200,120,150,148,85,130,120
R09,Materials_Delivered,145,170,105,150,110,130,145,100,130,120
R09,Cumulative_Materials_Delivered,1220,1320,915,1455,960,1200,1167,1030,1020,980
R09,Procurement_Cost,58000,68000,42000,60000,44000,52000,58000,40000,52000,48000
R09,Max_Production_Quantity,190,170,105,250,115,140,145,125,130,120
R09,Number_of_Production_Order,155,170,105,175,115,130,145,110,130,100
R09,Number_of_Products_in_Process,155,170,105,175,115,130,145,110,130,100
R09,Material_Inventory,35,0,0,75,0,10,0,15,0,20
R09,Number_of_Products_Produced,145,170,105,150,110,140,140,115,120,110
R09,Cumulative_Number_of_Products_Produced,1130,1250,910,1305,945,1160,1122,1005,990,960
R09,Production_Cost,15500,17000,10500,17500,11500,13000,14500,11000,13000,10000
R09,Number_of_Products_Ready_for_Sale,145,170,105,150,110,140,140,115,120,110
R09,Customer_Visited,157,172,110,178,113,132,142,118,123,113
R09,Cumulative_Customer_Visited,1244,1377,971,1405,963,1201,1233,1186,1054,1082
R09,Number_of_Sales,145,170,105,150,110,132,140,115,120,110
R09,Cumulative_Number_of_Sales,1130,1248,910,1295,925,1138,1122,1000,990,939
R09,Product_Shortage,12,2,5,28,3,0,2,3,3,3
R09,Cumulative_Product_Shortage,-114,-129,-61,-110,-38,-63,-111,-186,-64,-143
R09,Shortage_Cost,2748,422,1625,5740,924,0,510,900,870,897
R09,Cumulative_Shortage_Cost,-26866,-26569,-18075,-24100,-11443,-15015,-25462,-40010,-17303,-34832
R09,Product_Inventory,0,0,0,0,0,0,0,0,0,0
R09,Product_Disposed,0,0,0,0,0,8,0,0,0,0
R09,Cumulative_Product_Disposed,0,-2,0,-10,-20,-22,0,-5,0,-21
R09,Cumulative_Disposal_Loss,0,-1000,0,-5000,-10000,-11000,0,-2500,0,-10500
R09,Sales,105705,120870,86625,105750,88880,102960,105700,92000,94800,87890
R09,Cumulative_Sales,828770,883876,728200,913900,744770,848948,825315,739290,771170,718300
R09,Debt,0,0,0,0,0,0,0,0,0,0
R09,Interest_Expense,0,0,0,0,0,0,0,0,0,0
R09,Cash_Flow,12205,15870,14125,8250,13380,17960,13200,21000,9800,9890
R09,Cumulative_Cash_Flow,42270,43876,90700,13900,84770,69948,61815,45790,81170,50300
R09,Cash,242270,243876,290700,213900,284770,269948,261815,245790,281170,250300
R09,Material_Inventory_Assets,14000,0,0,30000,0,4000,0,6000,0,8000
R09,Product_in_Process_Assets,77500,85000,52500,87500,57500,65000,72500,55000,65000,50000
R09,Inventory_Assets,91500,85000,52500,117500,57500,69000,72500,61000,65000,58000
R09,Fixed_Assets,250000,250000,250000,250000,250000,250000,250000,250000,250000,250000
R09,Assets,583770,578876,593200,581400,592270,588948,584315,556790,596170,558300
R09,Cost_of_Product_Manufactured,72500,85000,52500,75000,55000,70000,70000,57500,60000,55000
R09,Gross_Profit,33205,35870,34125,30750,33880,32960,35700,34500,34800,32890
R09,Operating_Profit,13205,15870,14125,10750,13880,12960,15700,14500,14800,12890
R09,Ordinary_Profit,13205,15870,14125,10750,13880,12960,15700,14500,14800,12890
R09,Current_Liabilities,0,0,0,0,0,0,0,0,0,0
R09,Retained_Earnings,83770,78876,93200,81400,92270,88948,84315,56790,96170,58300
R09,Capital_Stock,500000,500000,500000,500000,500000,500000,500000,500000,500000,500000
R09,Liabilities_and_Owners_Equity,583770,578876,593200,581400,592270,588948,584315,556790,596170,558300
,,,,,,,,,,,